customer_id,full_name,gender,age,segment,region,join_date
1,Thomas Barber,M,69,VIP,DN,2024-01-27
2,Julia Brown,F,38,Retail,DN,2024-06-16
3,David Hopkins,M,28,Retail,HN,2023-03-15
4,Julie Edwards,F,57,SME,HCM,2022-02-19
5,James Henderson,M,19,SME,HCM,2024-04-30
6,Amanda Allen,F,19,Retail,HN,2024-10-13
7,Christopher Cameron,M,29,Retail,HN,2023-02-01
8,Emily Keith,F,42,Retail,DN,2023-09-21
9,Larry Boyer,M,59,Retail,Other,2023-05-16
10,Jennifer Barnes,F,32,Retail,DN,2022-03-27
11,Crystal Clements,F,68,Retail,Other,2024-01-18
12,Kelly Coleman,F,20,SME,DN,2024-10-19
13,Justin White,M,26,Retail,Other,2021-02-10
14,Mark Perez,M,31,SME,HN,2021-01-13
15,Shannon Grimes,F,19,Retail,DN,2022-06-03
16,Laura Lewis,F,24,Retail,Other,2024-07-01
17,Brian Johnson,M,52,SME,Other,2022-03-03
18,Susan Meyer,F,57,SME,HCM,2022-11-01
19,Jaime Williams,F,59,Retail,HN,2022-05-03
20,Edward Olsen,M,35,SME,HCM,2023-10-20
21,Kari Mendez,F,53,Retail,Other,2024-05-07
22,Mark Guzman,M,25,Retail,Other,2022-03-23
23,Robert Cline II,M,57,SME,HN,2021-01-09
24,Nancy Logan,F,64,SME,HCM,2023-06-21
25,Charles Chavez,M,62,Retail,DN,2025-03-27
26,Vincent King DVM,M,18,Retail,HN,2023-05-06
27,Kelly Garcia,F,18,Retail,Other,2025-01-16
28,Kenneth Harvey,M,28,Retail,Other,2022-01-30
29,Brandon Garza,M,52,SME,HN,2023-07-16
30,Kendra Cunningham,F,56,Retail,Other,2024-12-09
31,Mr. Michael Hoffman,M,26,Retail,HCM,2023-10-14
32,Jeremy Weber,M,65,Retail,HCM,2022-03-08
33,Mary Clark,F,54,SME,Other,2025-08-16
34,Elizabeth Lowery,F,44,Retail,DN,2023-12-19
35,Danny Barrett,M,64,SME,HN,2024-03-02
36,Joseph Dixon,M,43,Retail,HCM,2022-03-28
37,Mark Drake,M,44,Retail,DN,2020-11-22
38,Taylor Mcclain,F,59,Retail,DN,2021-07-23
39,Ryan Mayer,M,49,Retail,Other,2021-11-18
40,Scott Singh,M,49,Retail,HN,2022-10-29
41,Kevin Key,M,56,Retail,DN,2023-01-13
42,Andrew Williams,M,53,SME,DN,2021-08-03
43,Jesus Lewis,M,68,Retail,HCM,2021-10-26
44,Dr. Christina Gonzalez,F,62,Retail,HN,2022-04-06
45,Faith Williams,F,45,SME,Other,2024-09-14
46,Allison Buchanan,F,47,SME,Other,2022-03-31
47,Angel Estrada,F,45,Retail,HCM,2022-04-03
48,Victor Moore,M,18,Retail,HCM,2022-08-31
49,Michael Diaz,M,69,Retail,DN,2023-06-18
50,Brian Cook,M,23,Retail,HN,2023-07-11
51,Alyssa Gilbert,F,54,Retail,HCM,2025-05-04
52,Yesenia Martinez,F,41,SME,HCM,2023-09-27
53,Denise Woodward,F,49,Retail,Other,2024-04-19
54,Isaac Noble,M,66,Retail,Other,2024-04-22
55,Melanie Gilbert,F,56,Retail,HN,2021-05-13
56,Joseph Sanchez,M,66,VIP,DN,2025-06-02
57,Timothy Garcia,M,19,Retail,HCM,2024-06-07
58,Dylan Hendricks,M,54,Retail,HN,2022-07-31
59,Brendan Thomas,M,19,Retail,HCM,2023-09-02
60,Melissa Anthony,F,23,Retail,Other,2024-11-03
61,Ryan Smith,M,28,Retail,HN,2025-05-09
62,Antonio Proctor,M,55,Retail,Other,2025-07-22
63,Jennifer Richardson,F,23,Retail,DN,2024-05-22
64,Melanie Cross,F,33,SME,Other,2025-02-10
65,Jeffrey Wheeler,M,23,Retail,DN,2021-08-06
66,Amy Franklin,F,53,Retail,DN,2023-10-09
67,Jason Page,M,36,Retail,DN,2024-01-06
68,Kelsey Myers,F,58,Retail,Other,2024-12-14
69,Neil Snyder,M,35,SME,DN,2023-06-30
70,Jasmine Miller,F,42,Retail,DN,2023-05-28
71,Lauren Meadows,F,59,Retail,Other,2023-08-07
72,Nicole Morgan,F,43,VIP,Other,2024-03-07
73,Tammy Shaffer,F,66,Retail,Other,2023-08-11
74,Christina Smith DVM,F,29,Retail,Other,2025-02-16
75,Steven Harrington,M,26,Retail,DN,2023-11-14
76,Karen Miller,F,33,SME,Other,2022-07-02
77,Felicia Anthony,F,50,Retail,DN,2021-07-21
78,Charles Barrett,M,25,SME,Other,2021-05-20
79,Tammy Owen,F,52,Retail,HN,2021-10-30
80,Benjamin Mckay,M,42,Retail,Other,2024-08-10
81,Erin Reyes,F,35,Retail,DN,2025-08-22
82,Veronica Krueger,F,58,Retail,Other,2024-05-04
83,Tony Meyer,M,31,Retail,Other,2024-08-28
84,Julie Taylor,F,25,SME,HN,2025-01-10
85,Leah Shepard,F,50,Retail,DN,2020-12-31
86,Eric Smith,M,39,Retail,HCM,2023-09-26
87,Amanda Martin,F,55,VIP,DN,2022-10-06
88,Paige Atkins,F,25,Retail,HCM,2023-03-27
89,Dr. John Doyle,M,47,Retail,DN,2021-01-16
90,Lisa Keller,F,50,Retail,HN,2023-03-09
91,Alexandria Church,F,36,Retail,Other,2022-11-24
92,Timothy Odonnell,M,34,VIP,HCM,2022-04-21
93,Joseph Sullivan,M,63,SME,DN,2025-06-29
94,Tara Brandt,F,58,VIP,HN,2022-02-14
95,Chad Sanchez,M,63,VIP,DN,2024-11-17
96,Shelly Gonzales,F,50,Retail,HN,2021-05-15
97,Steven Wilson,M,49,SME,Other,2021-08-20
98,Blake Gonzalez,M,35,Retail,DN,2024-08-09
99,Sarah White,F,20,Retail,Other,2024-09-18
100,Amy Jones,F,49,Retail,DN,2022-03-10
101,Kathleen Sanchez,F,44,Retail,HCM,2021-01-25
102,Andrew Davis,M,57,Retail,DN,2021-05-12
103,April Smith,F,65,Retail,HCM,2022-04-08
104,Brad Greene,M,43,SME,HN,2025-10-03
105,Amanda Hall,F,30,Retail,DN,2022-07-10
106,Eric Martinez,M,53,SME,HN,2024-12-26
107,Cynthia Alexander,F,63,SME,Other,2021-09-18
108,Carl Harris,M,40,Retail,HCM,2023-12-18
109,Joyce Griffith,F,49,Retail,HCM,2021-08-25
110,Michael Jennings,M,42,Retail,HCM,2023-02-02
111,Gilbert Dunn,M,39,Retail,HCM,2021-07-14
112,John Carter,M,69,Retail,DN,2024-05-06
113,Julie Pennington,F,60,Retail,HN,2023-04-11
114,Natalie Nguyen,F,61,VIP,DN,2020-11-01
115,Sarah Thompson,F,23,Retail,Other,2024-11-14
116,Allison Mcgee,F,64,Retail,Other,2022-10-11
117,Ann Anderson,F,33,VIP,Other,2021-06-16
118,Christina Jones,F,47,Retail,Other,2023-10-19
119,Christopher Holloway,M,36,Retail,DN,2023-07-03
120,Amy Terry,F,54,Retail,HCM,2023-06-01
121,James Hunt,M,26,Retail,HN,2023-01-22
122,Savannah Meyer,F,18,Retail,Other,2024-06-12
123,Adrienne Carlson,F,65,Retail,HN,2021-07-20
124,Tim Reed Jr.,M,18,VIP,DN,2021-09-10
125,Deanna Watts,F,22,Retail,DN,2025-04-03
126,Dr. Michael West,M,29,Retail,DN,2021-03-05
127,Kyle Thompson,M,39,Retail,HCM,2020-10-07
128,Krystal Ellis,F,22,Retail,HCM,2021-03-17
129,Donna Powell,F,69,Retail,Other,2025-07-06
130,Susan Mcguire,F,43,Retail,DN,2024-05-09
131,Tracy Dixon,F,50,Retail,HN,2023-03-08
132,Matthew Shelton,M,27,SME,Other,2021-09-07
133,Cassandra Norman,F,69,Retail,HCM,2024-05-31
134,David Johnson,M,49,SME,HN,2023-08-09
135,Corey Wheeler,M,21,Retail,Other,2024-04-07
136,Marvin Owens,M,19,Retail,Other,2021-03-15
137,Chelsea Guerra,F,44,SME,Other,2022-01-18
138,Angela Jackson,F,52,Retail,HN,2023-04-12
139,William Sanders,M,68,SME,Other,2024-05-09
140,Daniel Merritt,M,18,VIP,HCM,2020-11-05
141,Jacob Gray,M,61,Retail,Other,2025-03-20
142,Charles Miller,M,63,Retail,DN,2024-12-26
143,Melissa Craig,F,52,Retail,HCM,2025-01-13
144,Susan Spears,F,46,SME,HCM,2022-12-30
145,Jamie Nelson,F,51,Retail,DN,2023-02-20
146,Ashley Carpenter,F,67,Retail,HN,2025-03-06
147,Crystal Bates,F,53,Retail,HN,2021-06-07
148,Aaron Howard DDS,M,53,Retail,HN,2023-10-11
149,Jill Fox,F,52,VIP,Other,2024-08-10
150,Cheyenne Clayton,F,35,Retail,Other,2024-11-08
151,Caitlin Jones,F,40,SME,HN,2022-02-17
152,Rebecca Lowery,F,66,Retail,DN,2024-08-29
153,Jeffrey Hudson,M,52,Retail,HN,2024-02-05
154,Brent Mckee,M,37,SME,HCM,2023-11-24
155,Paul Castillo,M,36,Retail,Other,2024-01-01
156,Jason Brown,M,58,SME,HN,2022-05-27
157,Robert Chen MD,M,45,VIP,Other,2025-02-05
158,Shawna Weaver MD,F,36,Retail,Other,2023-03-14
159,Alexis Wilson,M,22,Retail,HN,2021-01-03
160,Ashley Hernandez,F,38,SME,DN,2022-01-25
161,Jessica Murray,F,56,Retail,HCM,2022-08-18
162,Amy Thompson,F,56,VIP,HCM,2023-12-02
163,Michael Nguyen,M,52,SME,DN,2023-04-04
164,Scott Walker,M,35,VIP,HN,2024-11-14
165,Michelle Morse,F,61,SME,HCM,2021-03-07
166,Jonathan Rojas,M,63,SME,HCM,2021-10-10
167,Nicholas Andrews,M,67,SME,HCM,2022-07-25
168,Justin Ford,M,46,Retail,DN,2022-01-26
169,Danielle Cross,F,65,SME,HCM,2024-09-17
170,Lynn Nichols,F,34,SME,HN,2022-06-20
171,Mark Stewart,M,21,Retail,Other,2022-07-06
172,Steven Nelson,M,36,SME,HCM,2025-03-17
173,Dustin Lewis,M,44,Retail,DN,2021-06-30
174,Alexander King,M,20,Retail,HCM,2023-06-16
175,Pamela White DDS,F,37,Retail,HN,2021-11-22
176,Keith Underwood,M,58,SME,DN,2022-02-03
177,John Stewart,M,45,VIP,DN,2023-02-12
178,Sheri Little,F,66,Retail,HN,2024-04-18
179,Karen Ibarra,F,23,SME,HN,2021-08-16
180,Colleen Roberts,F,62,Retail,HN,2022-06-16
181,Desiree Jones,F,38,VIP,HN,2024-05-18
182,Joy Cross,F,52,Retail,HN,2024-02-04
183,Patricia Levine,F,64,Retail,HCM,2023-03-18
184,Jordan Little,M,48,VIP,HCM,2025-09-19
185,Ashley Maldonado,F,20,SME,HN,2023-12-18
186,Derek Fritz,M,29,VIP,Other,2022-03-12
187,Cassandra Charles,F,55,Retail,Other,2021-08-02
188,Kyle Friedman,M,25,Retail,Other,2020-10-24
189,Danielle Lee,F,25,Retail,HCM,2025-05-29
190,Jamie Cline,F,45,Retail,Other,2022-09-11
191,Nicole Lewis,F,44,Retail,HN,2022-03-22
192,Raymond Rivera,M,50,Retail,HN,2021-05-12
193,Melissa Cole,F,65,Retail,HCM,2022-11-12
194,Joshua Reilly,M,23,SME,Other,2025-03-18
195,Eduardo Farmer,M,64,SME,HCM,2021-09-14
196,Ashley Acosta,F,47,SME,HN,2024-01-19
197,Kurt Kennedy,M,50,SME,HCM,2024-10-19
198,Sandra Moore,F,64,Retail,HN,2024-10-20
199,Linda Romero,F,42,VIP,DN,2024-11-16
200,John Ochoa,M,30,Retail,HN,2022-06-14
201,Michael Rodriguez,M,18,Retail,DN,2021-02-14
202,Diane Davis,F,45,SME,DN,2023-06-08
203,Charles Sanchez Jr.,M,55,SME,DN,2022-11-22
204,Angel Carlson,M,54,SME,DN,2021-11-20
205,William Miles,M,38,Retail,HCM,2022-02-24
206,Dakota Williams,M,68,Retail,Other,2021-08-07
207,Maria Levy,F,18,Retail,Other,2025-06-20
208,Mary Davies,F,45,Retail,DN,2024-11-21
209,Anna Love,F,51,Retail,DN,2024-03-12
210,Robert Perry,M,67,SME,HCM,2021-01-26
211,Briana Weaver,F,22,Retail,DN,2022-07-08
212,Johnny Allen,M,34,Retail,DN,2025-01-12
213,Jonathan Hall,M,32,SME,HCM,2022-12-14
214,Wendy Anderson,F,28,Retail,HCM,2020-11-15
215,Alison Cook,F,51,Retail,HCM,2022-03-26
216,Sarah Donaldson,F,47,Retail,DN,2025-07-28
217,Matthew Rodriguez,M,51,Retail,HCM,2021-07-23
218,Andrew Rogers,M,41,SME,HCM,2022-11-18
219,Daniel Neal,M,59,SME,HN,2024-02-06
220,Mark Warren,M,21,Retail,HN,2021-12-30
221,Angela Lopez,F,34,Retail,Other,2023-06-16
222,Joshua Cross,M,51,Retail,HCM,2024-08-13
223,Curtis Turner,M,60,Retail,DN,2023-11-14
224,James Bowen,M,64,Retail,DN,2024-05-05
225,Alexandra Carrillo,F,48,Retail,Other,2021-12-08
226,Jessica Monroe,F,21,Retail,Other,2021-11-04
227,Glenn Reed,M,20,SME,DN,2023-08-15
228,Zachary Davis,M,49,Retail,HCM,2022-03-23
229,Kirk Reynolds,M,36,SME,HCM,2024-08-02
230,Carolyn Hernandez,F,59,Retail,HN,2022-11-24
231,Jamie Nunez,F,18,Retail,Other,2025-08-19
232,Patricia Downs,F,63,Retail,HCM,2021-08-17
233,Samantha Wright,F,62,Retail,HCM,2023-07-19
234,Carlos Roman,M,64,Retail,DN,2021-01-08
235,Lisa Russell,F,47,Retail,Other,2023-02-07
236,David Bishop,M,34,Retail,HN,2024-05-06
237,Brenda Barron,F,66,Retail,Other,2025-06-27
238,William Short,M,64,Retail,HCM,2024-01-28
239,Samantha Wells,F,43,SME,HCM,2023-01-16
240,Candice Nguyen,F,19,SME,HCM,2021-12-04
241,Brandon Patel,M,68,SME,DN,2023-07-08
242,Christopher Bradley,M,63,SME,Other,2024-03-17
243,Robert Sellers,M,35,Retail,DN,2025-03-30
244,Kenneth Bates,M,32,Retail,DN,2022-10-11
245,Scott Cooper,M,45,Retail,HN,2022-06-02
246,James Williams,M,56,Retail,HCM,2021-05-27
247,Christina Ramos,F,42,SME,Other,2025-03-21
248,Scott Mitchell,M,21,Retail,HN,2022-08-05
249,Todd Long,M,35,Retail,DN,2025-04-24
250,Melanie Hodges,F,51,Retail,Other,2021-05-14
251,Jason Wilson,M,61,Retail,HN,2024-07-28
252,Bruce Hampton,M,23,SME,Other,2021-01-26
253,Jodi Hughes,F,62,Retail,HN,2025-10-02
254,Richard Allen,M,39,Retail,HCM,2025-01-31
255,Joshua Collins,M,65,Retail,DN,2024-09-14
256,Mary Daniels,F,47,Retail,DN,2023-02-02
257,Daniel Brown MD,M,20,Retail,Other,2023-06-03
258,Philip Moore,M,53,VIP,HCM,2022-05-08
259,Katie Mcdonald,F,37,VIP,Other,2020-11-06
260,Christopher Wallace,M,23,VIP,HCM,2025-07-29
261,Deanna Conner,F,55,Retail,HN,2025-09-16
262,Patricia Martinez,F,32,Retail,HCM,2021-01-01
263,Christopher Brown,M,62,SME,HCM,2023-10-26
264,Shelby Jenkins,F,21,Retail,HN,2021-07-05
265,Angela Rodriguez,F,66,Retail,HN,2021-11-11
266,Melissa Miller,F,31,Retail,HN,2025-05-27
267,Olivia Gillespie,F,28,SME,HN,2025-06-24
268,Derek Garcia,M,20,Retail,HCM,2025-02-17
269,Stephanie Macias,F,27,Retail,HCM,2021-02-16
270,Katherine Bailey,F,19,Retail,HCM,2021-07-25
271,Teresa Morris,F,18,Retail,HN,2023-08-15
272,Kurt Munoz,M,26,Retail,Other,2023-09-05
273,Jennifer Green,F,52,Retail,HN,2025-09-03
274,Rodney Dunn,M,61,Retail,HN,2024-03-18
275,Julia Hurst,F,28,SME,Other,2024-05-20
276,James Wilson,M,52,SME,Other,2022-05-04
277,Savannah Sellers,F,46,Retail,HN,2022-06-26
278,Robert Long,M,31,SME,DN,2025-05-31
279,William Weiss,M,54,SME,DN,2021-06-04
280,Elizabeth Fields,F,43,SME,HN,2021-02-13
281,Brian Ford,M,59,Retail,Other,2022-09-19
282,Tina Campbell,F,56,SME,Other,2025-04-02
283,Donald Lynch,M,55,Retail,DN,2022-08-19
284,Garrett Warner,M,50,Retail,HN,2024-05-26
285,Jeffrey Fowler,M,19,Retail,Other,2022-05-10
286,Lisa Stone,F,68,Retail,HCM,2024-03-15
287,Mary Schneider,F,20,Retail,Other,2024-08-17
288,Sheryl Bell DDS,F,69,SME,HN,2024-06-12
289,Robert Barr,M,69,SME,DN,2021-02-04
290,Emily Little,F,46,Retail,HN,2020-10-30
291,Austin Martin,M,54,SME,HN,2022-11-23
292,Carol Grant,F,21,Retail,HCM,2021-07-02
293,Patrick Meadows,M,27,Retail,HCM,2023-09-21
294,Eric Andrews,M,48,Retail,HN,2025-07-05
295,Susan Ruiz,F,69,Retail,HN,2023-03-21
296,Julia Davenport,F,22,Retail,Other,2023-09-08
297,Michelle Kirby,F,62,SME,DN,2022-10-16
298,Brandon Smith,M,68,Retail,HCM,2023-03-04
299,Allen Andrews,M,44,Retail,DN,2024-08-08
300,Michelle Owens,F,27,Retail,HCM,2021-05-30
301,Miss Pamela Mcgee MD,F,40,Retail,HCM,2023-05-26
302,Robert Hanson,M,29,SME,Other,2021-03-18
303,Joanne Miller,F,35,Retail,DN,2023-04-28
304,Evelyn Williams,F,60,SME,Other,2021-06-09
305,Jessica Stewart,F,21,SME,HN,2022-10-16
306,Lisa Brown,F,59,SME,DN,2025-07-31
307,Taylor Spears,F,26,Retail,HN,2020-10-07
308,Nicole Douglas,F,57,SME,DN,2022-03-16
309,James Meyers,M,18,Retail,HN,2024-04-13
310,Meredith Blackwell,F,63,Retail,DN,2021-03-22
311,Clarence Morris,M,18,SME,DN,2021-02-07
312,Colton Delgado,M,57,Retail,DN,2022-10-09
313,Jay Reynolds,M,26,Retail,HN,2023-07-24
314,Keith Armstrong,M,43,Retail,DN,2025-07-12
315,Jessica Odom,F,42,SME,HCM,2021-07-12
316,Samantha Cook,F,24,Retail,HCM,2024-09-16
317,Daniel Chang Jr.,M,34,Retail,DN,2023-09-30
318,Melissa Barber,F,68,Retail,HN,2022-03-15
319,Shawn Ford,M,69,Retail,Other,2023-03-13
320,Christopher Hanson,M,66,SME,DN,2025-06-10
321,Crystal Ward,F,43,Retail,HN,2025-08-19
322,Daniel Poole,M,24,VIP,HN,2024-09-08
323,John Lee,M,37,Retail,Other,2025-03-25
324,Jesse Wilson,M,57,Retail,HN,2024-01-02
325,Victoria Atkinson,F,30,Retail,DN,2021-06-29
326,James Allen,M,36,Retail,HCM,2025-02-02
327,Richard Black,M,66,Retail,HCM,2021-07-05
328,Lisa Rodriguez,F,57,Retail,HN,2023-03-30
329,Erika Fleming,F,68,Retail,HCM,2025-03-27
330,Katrina Sanchez,F,45,Retail,HCM,2022-02-06
331,Marie Marshall,F,68,Retail,HN,2025-03-10
332,Robin Pacheco,F,46,Retail,DN,2025-01-29
333,Linda Hernandez,F,27,Retail,HCM,2024-03-16
334,Jennifer Sutton,F,50,Retail,Other,2025-01-10
335,Sharon Griffin,F,67,SME,Other,2022-10-22
336,Adam Morgan,M,20,Retail,DN,2021-03-20
337,Johnny Burke,M,25,Retail,DN,2022-02-11
338,Jeremy Gutierrez,M,20,SME,Other,2023-05-20
339,Marc Davis,M,25,Retail,Other,2023-07-10
340,Alexandria Hernandez,F,31,Retail,HCM,2020-12-19
341,Roy Glenn,M,33,Retail,HN,2025-05-09
342,Sara Henry,F,38,Retail,DN,2020-11-07
343,Martha Mclean,F,35,Retail,DN,2021-12-28
344,Philip Harris DDS,M,40,SME,Other,2023-02-08
345,John Shelton,M,36,Retail,Other,2025-01-02
346,Kristin Christian,F,19,SME,HN,2023-02-20
347,Maria Boyle,F,28,Retail,HCM,2021-10-31
348,Chris Farley,M,40,Retail,Other,2024-01-13
349,Ryan Green,M,54,Retail,HCM,2025-04-22
350,Joe Jimenez,M,51,SME,DN,2023-06-15
351,Elizabeth Warren,F,39,SME,HN,2023-02-17
352,Mrs. Brittany Randolph,F,47,Retail,HCM,2023-02-07
353,Mark Camacho,M,49,Retail,DN,2021-05-19
354,Aaron Morrow,M,31,SME,HCM,2024-01-27
355,Frederick Torres,M,42,Retail,HCM,2024-05-12
356,Adriana Ellis,F,60,Retail,HCM,2021-06-16
357,Michelle Hicks,F,46,Retail,DN,2025-03-21
358,Jeffrey Mcmahon,M,28,SME,Other,2022-07-03
359,Robert Weaver,M,59,Retail,HCM,2023-06-01
360,Amanda Kaufman,F,34,Retail,HCM,2021-07-30
361,Katie Ramos,F,29,Retail,HCM,2024-03-29
362,Theresa Davis,F,38,Retail,DN,2021-06-23
363,Sharon Vincent,F,44,Retail,Other,2024-06-01
364,David Lam,M,24,Retail,HN,2023-01-20
365,Nicole White,F,38,Retail,HCM,2023-08-11
366,Lori May,F,19,Retail,DN,2025-08-26
367,Luis Wilkins,M,68,Retail,DN,2023-06-20
368,Cynthia York,F,46,Retail,Other,2020-10-19
369,Matthew Lang,M,53,SME,DN,2022-01-30
370,Lauren Johnson,F,52,SME,DN,2025-06-08
371,Shawn Wade,M,41,SME,HN,2021-07-30
372,Alexis Wood,F,50,Retail,DN,2024-06-02
373,Jennifer Hurley,F,36,Retail,DN,2024-10-11
374,Chase Chase,M,62,Retail,HN,2022-10-26
375,Katie Hunter,F,19,Retail,HN,2023-05-20
376,Erin Wilson,F,34,Retail,HN,2024-10-31
377,Steven Roberts,M,57,Retail,DN,2024-08-27
378,Blake Meyer,M,20,Retail,Other,2021-06-27
379,Erika Jones,F,68,Retail,HCM,2022-04-16
380,Doris Wilson,F,36,Retail,DN,2023-09-05
381,Richard Mitchell,M,66,Retail,HCM,2022-07-28
382,Michael Gill,M,66,Retail,HCM,2021-10-02
383,Tiffany Martin,F,41,SME,DN,2025-01-29
384,Brian White,M,34,Retail,HCM,2024-10-29
385,April Garza,F,23,VIP,HCM,2021-01-04
386,Shawn Gray,M,29,Retail,HCM,2025-09-23
387,Adam Kemp,M,62,Retail,Other,2022-11-20
388,Lisa Sanchez,F,33,SME,DN,2023-06-06
389,Alexandra Stout,F,38,Retail,DN,2021-08-23
390,Susan Boyd DDS,F,32,Retail,HN,2023-11-16
391,Angel Bates,M,65,Retail,DN,2023-01-03
392,Nathan Horton,M,46,Retail,HCM,2021-10-14
393,Amanda Christensen,F,56,Retail,DN,2025-06-24
394,Olivia Robertson,F,56,Retail,DN,2022-02-03
395,Dr. Nichole Peters,F,52,Retail,HN,2024-02-28
396,Anna Smith,F,20,Retail,Other,2021-05-25
397,Angela Freeman,F,40,Retail,DN,2021-02-28
398,Lisa Phillips,F,66,Retail,HCM,2025-01-29
399,Alexander Caldwell,M,30,Retail,Other,2021-05-09
400,Mr. Ryan Stewart,M,59,SME,HCM,2025-07-03
401,Timothy Werner,M,52,SME,HCM,2025-09-08
402,David Martinez,M,30,Retail,Other,2022-10-05
403,Brittany Kelley,F,52,Retail,HCM,2023-04-07
404,Monique Moreno PhD,F,46,SME,HN,2025-08-08
405,Debra Holmes,F,61,Retail,Other,2022-06-05
406,Christina Perry,F,64,Retail,HCM,2022-10-02
407,James Anderson,M,56,Retail,HN,2022-04-10
408,Janet Glenn,F,66,Retail,HCM,2021-01-23
409,Jennifer Mendoza,F,47,SME,HCM,2021-04-18
410,Debra Williams,F,54,Retail,HN,2023-10-29
411,Brian Martin,M,63,Retail,DN,2022-03-18
412,Charles Hayden,M,41,Retail,DN,2022-11-06
413,Samantha Gordon,F,54,SME,DN,2023-03-03
414,Sarah Summers,F,23,VIP,DN,2022-03-29
415,Michaela Taylor,F,41,Retail,HN,2021-04-09
416,Cheyenne Giles,F,42,SME,Other,2022-01-10
417,Robert Bowman,M,25,SME,DN,2021-07-03
418,Lauren Mcbride,F,68,Retail,HCM,2022-08-13
419,William Hodges,M,51,Retail,HN,2024-11-27
420,Robert Burnett,M,20,SME,HN,2023-08-17
421,Keith James,M,64,Retail,HN,2023-10-18
422,Patrick Lam,M,37,VIP,HN,2021-07-16
423,Samuel Ho,M,59,Retail,HCM,2023-02-02
424,Stacy Jones,F,34,Retail,Other,2024-03-13
425,James Harper,M,55,Retail,HN,2021-04-15
426,Alexander Patterson,M,42,Retail,HCM,2024-08-08
427,Joshua Coleman,M,51,Retail,Other,2021-02-17
428,Mark Dawson,M,45,Retail,DN,2023-01-05
429,Andrew Gray,M,51,SME,HN,2022-11-05
430,Joseph Arnold,M,57,SME,DN,2021-06-06
431,Stanley Combs,M,51,Retail,DN,2023-01-14
432,April Morrow,F,25,Retail,Other,2025-09-13
433,Betty Benitez,F,35,Retail,Other,2022-09-13
434,Hailey Mcguire,F,30,SME,HN,2023-02-02
435,Mark Coleman,M,67,Retail,Other,2025-02-26
436,April Mosley,F,46,SME,DN,2022-01-12
437,Carrie Barnett,F,57,Retail,DN,2024-10-07
438,Hector May,M,62,SME,Other,2022-12-18
439,Jared Warren,M,33,Retail,HN,2025-06-07
440,Mark Roth,M,65,SME,DN,2024-04-27
441,Paul Davis,M,42,SME,Other,2025-09-29
442,Shannon Mckee,M,44,SME,DN,2021-01-18
443,Matthew Johnson,M,60,VIP,HN,2022-05-26
444,Jeffrey Barker,M,48,SME,HCM,2023-07-25
445,Jennifer Peters,F,60,Retail,DN,2023-01-22
446,Kyle Cooke,M,35,SME,HCM,2025-04-29
447,Stanley Daniels,M,46,Retail,HCM,2022-05-15
448,Bethany Turner,F,30,Retail,HN,2023-08-07
449,Jared Franklin,M,34,Retail,HCM,2021-05-16
450,Mary Young,F,41,SME,Other,2021-05-10
451,Elizabeth Gordon,F,36,SME,HCM,2022-02-02
452,Paul Smith,M,49,SME,Other,2024-09-20
453,Katrina Knapp,F,32,SME,HN,2021-12-30
454,Holly Ramirez,F,21,Retail,Other,2025-08-13
455,Joanna Russell,F,21,Retail,HN,2022-09-10
456,Carol Martinez,F,39,SME,HCM,2022-06-22
457,Terry Davis,M,39,Retail,DN,2020-11-01
458,Dr. Amanda Ramirez,F,67,VIP,DN,2020-12-19
459,Ryan Smith,M,29,SME,DN,2024-09-18
460,Kristen Sanchez,F,29,Retail,DN,2024-04-11
461,Mr. Luis Thompson,M,23,Retail,Other,2021-10-29
462,Michael Flynn,M,28,Retail,HCM,2025-06-02
463,Chelsey Castillo,F,63,Retail,Other,2025-06-03
464,Shawn Oneal,M,52,Retail,DN,2024-08-19
465,Randall Padilla,M,46,Retail,Other,2024-03-28
466,Lisa Wang,F,19,SME,Other,2023-07-20
467,Jasmine Fowler,F,28,Retail,HN,2022-11-10
468,Renee Waters,F,61,Retail,HN,2022-10-12
469,Tommy Davis,M,64,Retail,DN,2023-10-26
470,Mary Owen,F,23,SME,HN,2023-04-28
471,Keith Garza,M,18,Retail,HCM,2024-01-11
472,Kenneth Hensley,M,51,Retail,Other,2023-01-18
473,David Li,M,42,SME,HCM,2024-12-19
474,Barry Jackson,M,61,Retail,Other,2022-04-30
475,Kimberly Moore,F,63,Retail,HN,2021-03-05
476,Gregory Kelly,M,25,SME,HCM,2022-12-05
477,Nicole Cruz,F,69,Retail,HN,2022-02-08
478,Angelica Carpenter,F,61,Retail,Other,2021-08-29
479,Donna Fernandez,F,20,Retail,DN,2024-04-06
480,Peter Dudley,M,47,Retail,HN,2022-04-11
481,Paige Woods,F,61,Retail,HN,2025-07-13
482,Amber Reed,F,65,Retail,DN,2024-08-23
483,Debbie Hernandez,F,19,SME,DN,2021-11-17
484,Gail Weaver,F,30,Retail,HN,2022-04-30
485,Tanya Wiley,F,47,Retail,HCM,2024-12-10
486,Tyler Turner,M,48,SME,DN,2022-09-21
487,Matthew Snow,M,42,SME,HCM,2022-10-15
488,Zachary Ortiz,M,25,SME,DN,2022-02-28
489,Maria Hall,F,58,Retail,HN,2023-05-28
490,Nicole Gilbert,F,49,Retail,HCM,2023-04-07
491,Brittany Sandoval,F,45,SME,HCM,2023-08-08
492,Miss Rachel Owens MD,F,49,SME,HN,2025-10-06
493,Lauren Little,F,50,Retail,HN,2023-02-08
494,Christina Moreno,F,50,SME,HCM,2021-05-23
495,Jennifer Barnes,F,56,Retail,DN,2021-04-25
496,Heather Davis,F,63,Retail,DN,2023-03-29
497,Mrs. Teresa Stephens,F,59,Retail,HN,2021-06-19
498,Jody English,F,28,Retail,DN,2023-09-25
499,Victoria Perry,F,26,SME,DN,2021-01-24
500,Nicholas Smith,M,49,Retail,Other,2024-05-14
501,Sheila Jones,F,25,SME,HCM,2024-03-23
502,Monique Hatfield,F,64,SME,DN,2025-01-26
503,Kurt Robinson,M,37,Retail,HCM,2024-05-17
504,Cynthia Nichols,F,39,Retail,DN,2021-03-02
505,Daryl Lester,M,58,Retail,HCM,2025-08-22
506,Anthony Flores,M,35,Retail,DN,2021-07-12
507,Jennifer Gonzalez,F,30,Retail,DN,2025-06-23
508,Morgan Perez,F,36,VIP,Other,2023-12-12
509,William Ruiz,M,25,SME,HN,2020-11-26
510,Michael Bailey,M,49,Retail,HCM,2022-12-30
511,Jessica Graham,F,35,Retail,HN,2025-03-27
512,Julie Sawyer,F,58,Retail,Other,2021-12-31
513,Jennifer Davila,F,68,Retail,HN,2022-07-10
514,Victoria Ramsey,F,32,Retail,Other,2024-12-29
515,David Lewis,M,47,VIP,HCM,2025-07-04
516,Brian Lewis,M,41,Retail,Other,2023-12-20
517,Mandy Johnson,F,61,SME,Other,2020-10-12
518,Debbie Cisneros,F,67,SME,Other,2024-03-22
519,Daniel Johnson,M,53,Retail,HCM,2023-06-22
520,Tammy Farley,F,53,SME,HCM,2025-01-13
521,Melanie Avery,F,23,Retail,DN,2021-01-21
522,Mr. Alex Woods,M,29,Retail,HCM,2024-03-30
523,Amanda Brown,F,38,SME,DN,2021-05-11
524,Susan Gutierrez,F,25,Retail,HCM,2025-07-16
525,Charles Fields,M,59,Retail,HCM,2024-02-22
526,Michelle Miles,F,54,SME,HN,2024-06-23
527,Kevin Lamb,M,64,Retail,DN,2025-06-14
528,John Gomez,M,37,Retail,HCM,2021-01-24
529,Mr. Patrick Robinson,M,42,VIP,HCM,2022-10-23
530,Robert Roth,M,54,Retail,HN,2022-10-06
531,Brenda Mccoy,F,29,Retail,HN,2024-06-14
532,Eric Paul,M,64,Retail,HCM,2023-06-27
533,Dr. Thomas Nguyen,M,31,Retail,HN,2024-06-23
534,Meagan Campbell,F,29,SME,HN,2024-12-08
535,Bradley Soto,M,37,Retail,Other,2025-02-25
536,Marc Haas MD,M,37,Retail,DN,2023-01-27
537,James Roberts,M,64,Retail,HN,2025-04-22
538,Mitchell Fisher,M,66,SME,Other,2021-09-04
539,Ann Braun,F,64,SME,Other,2024-03-10
540,Dakota Williamson,M,37,Retail,HCM,2023-03-13
541,Johnathan Cox,M,54,SME,HN,2024-09-07
542,Mitchell White,M,52,Retail,HN,2023-12-23
543,Matthew Floyd,M,22,Retail,DN,2020-12-03
544,Emily Mcbride,F,29,Retail,HN,2020-12-12
545,Crystal Owens,F,41,Retail,HCM,2022-08-25
546,Beth Reeves,F,42,Retail,HN,2024-05-11
547,William Lopez,M,48,Retail,DN,2024-02-01
548,Jennifer Riggs,F,40,Retail,Other,2023-09-20
549,Brian Rodriguez,M,62,Retail,HCM,2025-02-03
550,Erica Murray,F,25,VIP,HN,2025-08-20
551,Brian Hall,M,25,Retail,HCM,2023-02-19
552,John Tucker,M,64,Retail,HCM,2025-02-07
553,Kenneth Brown,M,43,Retail,HCM,2021-10-17
554,Kelly Greene,F,35,Retail,Other,2023-03-21
555,Bradley Velazquez,M,57,SME,DN,2024-07-01
556,Kathleen Sanders,F,42,Retail,HN,2021-11-21
557,Wyatt Diaz,M,36,SME,HCM,2022-07-17
558,John Caldwell,M,65,Retail,HCM,2021-07-10
559,Belinda Bailey,F,45,Retail,Other,2024-09-29
560,Daisy Brown,F,26,SME,HN,2025-09-09
561,Shannon Meadows,F,30,SME,HN,2025-02-08
562,Michael Vega,M,58,Retail,HCM,2024-09-28
563,Jeremy Hahn,M,55,Retail,HCM,2025-08-31
564,Terrance Oneill,M,23,SME,HN,2024-04-19
565,Ronald Wilson,M,40,Retail,DN,2020-11-15
566,Mark Hogan,M,41,Retail,DN,2025-03-07
567,Richard Mathews,M,38,Retail,Other,2024-06-11
568,Mrs. Stacey Diaz MD,F,24,Retail,DN,2023-04-27
569,Cynthia Ochoa,F,46,Retail,HN,2023-10-27
570,Samantha Meza,F,66,Retail,HCM,2024-08-19
571,Brenda Thompson,F,28,Retail,HCM,2021-12-21
572,Lisa Clayton,F,27,SME,HN,2023-01-23
573,Anthony Mcdonald,M,38,SME,Other,2021-07-14
574,Tamara Griffin,F,23,SME,HN,2023-12-30
575,Madison Villarreal,F,42,Retail,HCM,2025-10-03
576,Miss Heather Wilkinson,F,54,Retail,Other,2023-12-09
577,Christian Smith,M,60,SME,HCM,2021-12-12
578,Monica Murphy,F,67,SME,DN,2021-11-30
579,Dustin Schwartz,M,38,Retail,DN,2022-12-12
580,Tiffany Huber,F,64,Retail,DN,2022-04-06
581,Geoffrey Weaver,M,53,SME,DN,2022-05-13
582,Amanda Chambers,F,38,Retail,DN,2024-03-26
583,Christina Anderson,F,31,Retail,Other,2022-07-19
584,Daniel Paul,M,69,Retail,HN,2021-06-17
585,Steven Elliott,M,45,Retail,Other,2024-07-27
586,Amanda Mcintyre,F,53,SME,HCM,2023-04-08
587,Justin Drake,M,30,Retail,HN,2022-05-18
588,Pamela Payne,F,28,Retail,Other,2025-06-07
589,Jennifer Hampton,F,56,Retail,DN,2021-06-26
590,Daniel Hamilton,M,66,Retail,HCM,2021-07-13
591,Erin Wallace,F,53,Retail,HCM,2025-06-02
592,Billy Bailey,M,18,Retail,HN,2021-05-22
593,Elizabeth Patterson,F,64,VIP,DN,2023-07-29
594,Kendra Lowe,F,38,SME,HN,2020-11-11
595,Leah Navarro,F,26,Retail,Other,2023-03-09
596,Kimberly Ross,F,59,SME,Other,2020-11-22
597,Michael Bauer,M,43,Retail,Other,2025-06-20
598,Rachel Allen,F,41,SME,Other,2025-04-29
599,Paul Farmer,M,27,SME,DN,2020-12-10
600,Lori Craig,F,27,Retail,HCM,2021-10-09
601,James Tyler,M,64,Retail,Other,2025-04-14
602,Patricia Davis,F,50,Retail,HN,2022-07-14
603,Lisa Barber,F,65,Retail,DN,2022-03-30
604,Lisa Brown,F,24,Retail,HCM,2023-06-16
605,Ronald Myers,M,31,Retail,HN,2021-05-06
606,Deanna Powell,F,42,VIP,DN,2023-04-16
607,Joseph Rios,M,38,Retail,HCM,2025-06-27
608,Kaitlyn Robbins,F,56,SME,DN,2023-08-25
609,William Ward,M,41,Retail,DN,2025-06-17
610,Sarah Lawrence,F,43,Retail,Other,2025-02-03
611,Stanley Sanders,M,62,Retail,Other,2025-04-23
612,Richard Lam,M,50,Retail,HN,2021-12-08
613,Natasha Berg,F,50,Retail,HN,2023-04-05
614,Andrew Lawson,M,21,Retail,Other,2022-07-31
615,Tara Smith,F,22,Retail,Other,2024-01-05
616,Joseph Curry,M,25,SME,HCM,2024-09-26
617,Anthony Mills,M,61,Retail,DN,2021-03-09
618,Veronica Sloan,F,23,Retail,Other,2024-05-05
619,Lisa Sutton,F,55,Retail,HCM,2025-09-27
620,Marc Golden,M,47,Retail,HCM,2021-01-10
621,Tracie Newton,F,53,VIP,HN,2022-09-26
622,Benjamin Mullins,M,64,Retail,Other,2020-10-06
623,Stephanie Hart,F,47,Retail,Other,2023-11-01
624,Diana Boyd,F,34,Retail,Other,2025-07-23
625,Michelle Hudson,F,20,SME,HN,2021-03-28
626,Pedro Petty,M,45,VIP,HCM,2021-11-13
627,Kenneth Jackson,M,37,SME,Other,2021-10-29
628,Brian Brock,M,47,Retail,HCM,2025-09-24
629,Brittany Dunn,F,35,SME,Other,2024-07-30
630,Seth Hayes,M,33,Retail,Other,2021-02-24
631,Emily Pace,F,31,Retail,DN,2024-11-30
632,Gwendolyn Khan,F,62,Retail,HN,2023-07-29
633,Megan Martin,F,44,Retail,HN,2024-05-05
634,James Graves,M,20,Retail,DN,2022-06-11
635,Nicole Morrow,F,21,SME,HCM,2024-05-04
636,Joshua Reyes,M,39,Retail,HCM,2021-09-29
637,Rachel Evans,F,54,Retail,Other,2023-09-20
638,Joseph Buchanan,M,66,Retail,HCM,2021-09-24
639,Steven Gaines,M,52,Retail,HCM,2025-08-13
640,Michele Olsen,F,31,SME,Other,2023-07-13
641,Curtis James,M,69,SME,DN,2023-04-08
642,Ryan Gonzalez,M,52,Retail,HCM,2023-03-20
643,Ronald Nguyen,M,35,VIP,HCM,2021-09-09
644,Melissa Ross,F,27,SME,HN,2024-12-17
645,Dennis Moore,M,50,SME,HCM,2021-11-06
646,Steven Perry,M,63,SME,HCM,2021-11-22
647,David Brown,M,69,Retail,HN,2023-04-27
648,Amanda Martinez,F,42,Retail,HCM,2022-11-28
649,Kayla Lee,F,38,Retail,HN,2023-02-25
650,Joseph Porter,M,21,Retail,Other,2021-03-30
651,Rebecca Kennedy,F,49,Retail,DN,2022-04-19
652,Stacey Rivas,F,37,Retail,Other,2024-01-23
653,Steven Williams,M,23,Retail,DN,2025-05-27
654,Stephanie Gross,F,19,Retail,DN,2021-12-31
655,Joshua Peterson,M,68,Retail,HCM,2023-03-18
656,Ann Jackson,F,42,Retail,DN,2023-03-07
657,Carolyn Cooper,F,48,Retail,HN,2024-06-15
658,Roger Chapman,M,36,Retail,HN,2020-11-25
659,Andres Savage,M,45,Retail,DN,2021-02-22
660,Brandon Park,M,33,Retail,HN,2023-09-21
661,Sally Cohen,F,21,VIP,HN,2025-03-22
662,Edward Mason,M,56,Retail,HN,2022-04-12
663,Jennifer Adams,F,53,Retail,DN,2021-12-07
664,Cynthia Evans,F,54,SME,HCM,2025-08-17
665,Sheryl Walters,F,52,Retail,Other,2024-10-02
666,Dominique Deleon,F,31,Retail,HN,2023-11-22
667,Rachel Gonzalez,F,22,Retail,HCM,2022-11-20
668,Sharon Harris,F,44,Retail,HCM,2024-05-19
669,Jose Richardson,M,38,SME,HCM,2024-11-07
670,Angela Mahoney,F,56,Retail,HN,2021-05-08
671,Luis Bell,M,43,Retail,HN,2024-11-05
672,James Ford,M,35,Retail,Other,2024-04-04
673,Tiffany Martinez,F,34,Retail,Other,2024-12-02
674,Dalton Silva,M,38,SME,DN,2025-01-17
675,Timothy Madden,M,43,Retail,HCM,2023-12-16
676,Jennifer Cook,F,65,SME,Other,2023-08-25
677,Adam Gibbs,M,58,Retail,HN,2021-04-03
678,Elizabeth Anderson,F,59,SME,HN,2024-11-23
679,Parker Todd,M,58,Retail,Other,2023-04-27
680,Larry Brown,M,58,Retail,Other,2021-01-08
681,Emily Brown,F,46,Retail,HCM,2025-03-29
682,Karen Black,F,57,Retail,DN,2021-01-01
683,John Barron,M,51,Retail,HCM,2020-11-30
684,Veronica Baker,F,66,Retail,Other,2025-03-02
685,Kevin Kim,M,41,SME,HN,2020-11-03
686,Laura Perry,F,61,Retail,HN,2023-01-17
687,Dana Rose,F,30,Retail,DN,2023-09-22
688,Eric Ross,M,18,Retail,Other,2024-10-23
689,Shane Carr,M,41,Retail,Other,2023-12-12
690,Mark George,M,57,Retail,HCM,2021-11-13
691,Grace Cervantes,F,28,VIP,DN,2022-05-01
692,Matthew Dillon,M,68,Retail,DN,2023-11-13
693,Jessica Smith,F,22,Retail,HCM,2025-05-26
694,Cindy Berg,F,25,Retail,HCM,2024-12-30
695,Thomas Ford,M,49,Retail,HN,2021-12-10
696,Cameron Berry,M,25,SME,HN,2021-12-06
697,Allen Ryan,M,19,Retail,DN,2021-01-19
698,Charles Phelps,M,53,Retail,HCM,2021-07-01
699,John Carter,M,58,VIP,DN,2024-01-21
700,Amanda Lopez,F,67,Retail,Other,2022-03-17
701,Teresa Cummings,F,44,VIP,HCM,2022-03-30
702,Casey Goodman,M,49,SME,Other,2024-03-10
703,Dawn Torres,F,51,Retail,DN,2022-01-13
704,Marcus Ortiz,M,57,Retail,HN,2020-12-02
705,Trevor Hicks,M,57,Retail,Other,2020-10-17
706,Tina Mendoza,F,42,Retail,Other,2022-07-30
707,Margaret Smith,F,37,Retail,Other,2025-04-21
708,Jason Mueller,M,63,Retail,HN,2023-11-29
709,Edward Garcia,M,49,Retail,DN,2022-02-10
710,Kevin Spencer MD,M,29,SME,HCM,2023-05-05
711,Anthony Arnold,M,30,Retail,HCM,2020-12-26
712,Sandra Marshall,F,63,SME,DN,2025-01-28
713,Kevin Larson,M,61,Retail,Other,2024-12-23
714,Robin Buck,F,39,VIP,HCM,2024-07-22
715,Jacqueline Martin,F,46,SME,HCM,2022-04-07
716,Matthew Anderson,M,38,SME,DN,2025-02-11
717,Emily Alexander,F,48,Retail,DN,2024-01-19
718,Sandra Hayes,F,61,SME,DN,2025-01-14
719,Michael Sandoval,M,50,Retail,DN,2023-11-15
720,Rebecca Mays,F,36,Retail,HCM,2021-08-09
721,Daniel Jordan,M,61,Retail,Other,2024-10-28
722,Angel Hill,M,64,Retail,HCM,2025-08-08
723,Teresa Rice,F,25,Retail,HN,2024-11-24
724,Derek Reyes,M,18,Retail,DN,2024-02-29
725,Karen Chavez,F,59,Retail,HN,2023-07-16
726,Linda Fleming,F,38,SME,DN,2024-03-30
727,Thomas Jones,M,44,Retail,Other,2023-09-24
728,Chris Johnson PhD,M,26,Retail,HCM,2025-09-15
729,Julie Black,F,43,SME,Other,2023-05-30
730,Joseph Wilkerson,M,31,Retail,HCM,2022-04-05
731,Brian Allen,M,37,Retail,DN,2023-05-28
732,Bradley Henderson,M,23,SME,HN,2025-08-24
733,Tina Andersen,F,21,Retail,Other,2025-09-04
734,Meghan Kline,F,27,SME,DN,2024-09-27
735,Catherine Oliver,F,54,Retail,HCM,2021-01-02
736,Jessica Roberson,F,56,Retail,HCM,2021-09-24
737,Cynthia Walker,F,21,Retail,HN,2025-06-25
738,Nicole Wilson,F,34,Retail,Other,2025-06-15
739,Johnny Nolan,M,31,SME,HN,2021-12-31
740,Tiffany Daniels,F,69,Retail,HCM,2024-09-04
741,Evelyn Hobbs,F,51,Retail,DN,2024-11-07
742,Lawrence Romero,M,36,Retail,HCM,2022-02-08
743,Michael Ramos,M,39,Retail,Other,2025-06-13
744,Julie Combs,F,55,Retail,Other,2022-12-28
745,Jane Miller,F,36,Retail,Other,2022-11-30
746,Meagan Sullivan,F,66,Retail,HCM,2023-01-10
747,Joshua Garcia,M,69,Retail,Other,2023-07-21
748,William Vasquez,M,64,VIP,Other,2022-05-02
749,Erica Strickland,F,62,Retail,HCM,2022-12-17
750,Shelby Barnett,F,37,SME,DN,2025-08-18
751,Sean Wilson,M,23,VIP,Other,2022-03-18
752,Brian Lewis,M,56,Retail,Other,2022-10-29
753,Dylan Hughes,M,69,Retail,HCM,2020-10-10
754,Jesus Phillips,M,30,SME,HCM,2024-09-16
755,Cynthia Jones,F,62,Retail,DN,2023-07-12
756,Keith Swanson,M,68,SME,HCM,2021-08-02
757,Dennis Campbell,M,63,Retail,HN,2024-01-15
758,David Holland,M,54,Retail,HN,2021-08-10
759,Kelly Luna,F,22,SME,HCM,2021-02-23
760,Pamela Pearson,F,56,SME,DN,2022-03-29
761,Scott Choi,M,41,SME,HCM,2023-10-18
762,Thomas Thompson,M,63,Retail,Other,2024-03-29
763,Thomas Allen,M,48,SME,HN,2024-02-10
764,Tina Chan MD,F,38,Retail,Other,2020-12-16
765,Kara Rivers DVM,F,47,Retail,DN,2024-03-29
766,Edward Romero,M,45,SME,HCM,2021-10-23
767,Samantha Christian,F,33,SME,HCM,2023-11-07
768,Colin Kennedy,M,30,Retail,HN,2022-05-30
769,Henry Williams,M,53,Retail,Other,2022-07-11
770,Angela Barnes,F,60,Retail,Other,2022-04-24
771,Sharon Ortega,F,50,SME,HCM,2021-05-03
772,David Rodriguez,M,32,Retail,Other,2020-11-17
773,Eric Cooley,M,37,Retail,Other,2024-03-10
774,Christopher Rodriguez,M,38,Retail,Other,2024-08-08
775,Melissa Rose,F,31,SME,HCM,2025-07-24
776,Brandon Miller,M,35,Retail,DN,2021-10-30
777,Debra Rodriguez,F,54,Retail,DN,2024-02-23
778,Jerry Perry,M,42,SME,Other,2023-04-10
779,Gary Finley,M,58,Retail,HN,2021-09-22
780,Tara Adams,F,59,Retail,HCM,2021-10-02
781,Ryan Dixon,M,50,Retail,HN,2024-12-31
782,Julian Brown,M,51,Retail,DN,2022-10-17
783,Donald Mcgrath,M,56,SME,HN,2020-10-09
784,Stacie Ray,F,23,Retail,HCM,2024-02-25
785,Joseph Bell,M,27,Retail,HCM,2022-07-28
786,Kimberly Morgan,F,65,Retail,HCM,2021-01-28
787,Stephanie Travis,F,33,Retail,HN,2022-05-29
788,Christopher Wade,M,39,Retail,DN,2021-02-23
789,Crystal Dennis,F,55,SME,HCM,2024-10-26
790,Alexander Lutz,M,68,SME,Other,2021-06-02
791,Ashley Oliver,F,24,SME,HCM,2024-09-13
792,Nathan Garcia,M,21,SME,HCM,2024-01-13
793,David Wood,M,57,SME,HCM,2024-05-04
794,Sara Miller,F,45,Retail,HN,2024-03-26
795,Jonathan Parker,M,57,VIP,HCM,2024-07-09
796,Timothy Torres,M,19,Retail,HCM,2023-11-10
797,Jeffrey Carroll,M,25,Retail,HCM,2021-10-25
798,Jackie Hunt,F,52,Retail,Other,2020-10-09
799,Victor Donaldson,M,42,Retail,DN,2023-01-07
800,Matthew Lewis,M,22,VIP,Other,2024-11-24
801,Mary Roberts,F,27,Retail,Other,2025-01-27
802,Meghan Aguilar,F,58,Retail,HN,2025-01-24
803,Amy Smith,F,26,Retail,Other,2024-03-29
804,Sierra Thornton,F,57,Retail,Other,2021-08-01
805,Melissa Campbell,F,23,SME,DN,2024-05-21
806,Rachel Tucker,F,20,Retail,DN,2024-03-19
807,Jessica Goodwin DVM,F,60,VIP,HN,2025-09-18
808,Mary Baker,F,18,Retail,Other,2024-04-06
809,Henry Walker,M,49,Retail,DN,2022-03-16
810,Vincent Campbell,M,21,SME,HCM,2023-07-20
811,Sabrina Gonzalez,F,36,SME,Other,2022-01-28
812,Charles Hernandez,M,63,Retail,HN,2025-04-23
813,Jeffrey Fuller,M,62,VIP,HN,2022-07-22
814,Kara Stout,F,30,Retail,Other,2023-12-11
815,Mary Hicks,F,48,Retail,Other,2024-07-18
816,Christopher Walker,M,22,Retail,HN,2025-01-20
817,Deanna Rivera,F,42,SME,HCM,2023-12-10
818,Amy Price,F,22,VIP,Other,2023-06-29
819,James Mahoney,M,26,SME,HCM,2021-02-28
820,Alyssa Yates,F,36,SME,HN,2024-02-16
821,Shane Hill,M,19,SME,Other,2022-05-05
822,Christopher Nguyen,M,38,Retail,HCM,2025-02-10
823,Troy Lee,M,29,Retail,HCM,2022-03-10
824,Bonnie Bowen PhD,F,38,Retail,HCM,2023-02-11
825,Felicia Collins,F,50,Retail,Other,2023-04-29
826,Dr. Sandra Lewis,F,58,SME,HCM,2024-03-21
827,Samantha Hull,F,28,Retail,Other,2021-11-22
828,Mary English,F,39,SME,Other,2024-12-26
829,Lee Johnston,M,47,VIP,DN,2021-12-10
830,Tyler Simpson,M,37,SME,HCM,2021-12-11
831,Amanda Arnold,F,52,Retail,Other,2021-04-15
832,Charles Becker,M,56,Retail,Other,2023-09-24
833,Krista Smith,F,18,SME,DN,2024-05-29
834,Elizabeth Payne DVM,F,20,Retail,HN,2024-09-21
835,Mark Moore,M,55,Retail,HN,2023-08-31
836,Mark Hall,M,63,SME,Other,2022-05-14
837,Andrea Clay,F,34,SME,DN,2024-05-07
838,Jessica Ashley,F,30,SME,DN,2023-02-27
839,Timothy Chavez,M,23,Retail,DN,2021-12-22
840,Clinton Collins Jr.,M,44,Retail,HCM,2025-07-21
841,Terri Curtis,F,31,SME,Other,2024-01-22
842,Laura Wright,F,52,Retail,DN,2022-05-09
843,Meghan Bowman,F,37,Retail,Other,2021-03-05
844,Jennifer Romero,F,31,SME,DN,2023-02-20
845,Anna Davis,F,65,SME,HCM,2021-03-19
846,Timothy West,M,20,SME,HN,2022-02-07
847,Elizabeth Jones,F,37,VIP,HCM,2021-08-11
848,Antonio Barrett,M,26,Retail,DN,2025-02-26
849,Todd Lowery,M,36,SME,HCM,2020-11-28
850,Tina Cox,F,55,Retail,Other,2023-12-23
851,Alexandria Barnett,F,34,Retail,Other,2025-04-29
852,Carl Owen,M,69,Retail,DN,2021-08-21
853,Adam Simpson,M,52,Retail,HCM,2021-05-26
854,Mary Hopkins,F,58,Retail,Other,2023-08-06
855,Sandra Hardin,F,25,SME,HN,2021-12-25
856,Kaylee Wells,F,39,SME,DN,2022-12-14
857,Corey Shepherd,M,33,Retail,HN,2025-08-06
858,Cindy Rich,F,47,Retail,DN,2020-11-25
859,Sarah Hogan,F,63,SME,DN,2024-03-24
860,Ryan Edwards,M,22,Retail,HN,2022-02-17
861,Joseph Warren,M,61,Retail,HN,2022-04-03
862,Dennis Farmer,M,26,Retail,HN,2023-05-09
863,Katrina Nelson PhD,F,41,VIP,Other,2024-07-14
864,Timothy Gonzalez,M,40,Retail,Other,2022-05-25
865,Jennifer Taylor,F,29,Retail,DN,2023-11-27
866,Michael Waters,M,36,SME,HN,2021-07-28
867,Margaret Conrad,F,57,SME,HCM,2021-07-29
868,Kristy Carr,F,46,Retail,DN,2025-03-28
869,Joseph Berry,M,45,Retail,HCM,2024-12-30
870,Robin Espinoza,F,62,VIP,Other,2020-10-19
871,Jennifer Hawkins,F,41,Retail,DN,2023-03-12
872,Jonathan Long,M,18,Retail,HCM,2022-06-01
873,Kimberly Taylor,F,39,Retail,HN,2024-04-22
874,Michael Martin,M,29,Retail,DN,2025-07-16
875,Nicole Olson,F,36,Retail,HN,2021-12-30
876,Ryan Green,M,46,Retail,DN,2022-06-23
877,Rebecca Jordan,F,31,Retail,HN,2022-11-30
878,Michele Pollard,F,66,Retail,HCM,2024-12-05
879,Thomas Garcia,M,63,Retail,Other,2025-02-11
880,Christian Wilson,M,37,Retail,HCM,2021-08-09
881,Michael Mendoza,M,38,Retail,Other,2021-01-10
882,Kara Parker,F,59,Retail,HCM,2022-10-04
883,Matthew Johnson,M,26,SME,HN,2025-07-26
884,Angel Lewis,M,34,Retail,DN,2021-03-19
885,Michael Ferguson,M,56,Retail,DN,2023-03-02
886,Riley Sweeney,M,28,Retail,DN,2021-10-13
887,Joseph Gonzales,M,63,Retail,Other,2024-06-27
888,Kari Flores,F,36,Retail,Other,2024-06-15
889,David Sullivan,M,62,Retail,Other,2024-10-28
890,Edgar Hunter,M,62,SME,Other,2021-05-20
891,Sheena Welch,F,22,Retail,DN,2022-07-15
892,Kara Shaw,F,40,SME,DN,2021-05-30
893,James Shepherd,M,66,Retail,HCM,2022-10-13
894,Melanie Salazar,F,19,Retail,HN,2025-09-24
895,Mark Wilson,M,53,Retail,DN,2023-03-13
896,Carlos Hopkins,M,45,Retail,HN,2024-09-12
897,Mr. Kevin Carter Jr.,M,29,Retail,DN,2025-08-25
898,Sean Campos,M,56,Retail,HN,2024-02-17
899,Tom Santiago,M,27,Retail,DN,2021-02-20
900,Mr. Michael Lawson Jr.,M,27,Retail,DN,2024-03-03
901,Jenna Wheeler,F,26,Retail,Other,2021-12-16
902,William Bishop,M,37,Retail,HN,2023-11-11
903,Belinda Barrett MD,F,46,Retail,Other,2024-08-07
904,Gina Taylor,F,57,SME,HN,2024-05-06
905,Leslie Burton,F,29,Retail,HN,2024-03-25
906,Warren Ramos,M,62,Retail,HN,2023-01-15
907,Daniel Griffin,M,66,Retail,HN,2022-03-14
908,Kyle Tyler,M,41,Retail,Other,2023-09-13
909,Benjamin Lopez,M,60,Retail,DN,2024-09-17
910,Jonathan Bates,M,26,Retail,HCM,2025-09-27
911,Sara Reid,F,61,SME,DN,2024-08-20
912,Matthew Hicks,M,45,Retail,HN,2020-10-31
913,Wayne Thomas,M,40,Retail,Other,2025-08-22
914,Sabrina Saunders,F,53,Retail,Other,2021-02-25
915,Jason Rosario,M,51,Retail,HN,2025-03-19
916,Robert Buchanan,M,21,Retail,HN,2024-10-27
917,Cameron Fleming,M,64,Retail,HN,2023-12-25
918,Rhonda Wells,F,35,Retail,DN,2021-06-27
919,Jimmy Suarez,M,48,SME,DN,2021-04-19
920,Michael Morgan,M,66,Retail,HN,2022-01-26
921,Jessica Bauer,F,51,SME,Other,2023-12-09
922,Sophia Rowland,F,55,Retail,Other,2021-03-30
923,Michael Campbell,M,62,VIP,HCM,2020-11-22
924,Erin Young,F,41,Retail,DN,2025-02-09
925,Jonathan Gray,M,21,Retail,HCM,2021-05-16
926,Veronica Gomez,F,60,Retail,HCM,2024-02-06
927,Phillip Chaney,M,67,Retail,HN,2023-03-07
928,George Gonzales,M,47,Retail,HCM,2021-12-03
929,Joshua Phillips,M,54,VIP,HN,2023-11-09
930,Logan Smith,M,40,Retail,HCM,2023-01-17
931,Lisa Aguilar,F,26,VIP,HN,2022-06-20
932,Larry Barton,M,64,Retail,HN,2021-09-19
933,Walter Hill,M,49,Retail,Other,2022-03-18
934,Shane Hayes,M,54,Retail,HN,2022-12-21
935,Pamela Johnson,F,62,SME,DN,2025-01-04
936,Zachary Stevens,M,68,Retail,HCM,2024-05-21
937,Kimberly Davis,F,62,Retail,HN,2021-08-09
938,Ricardo Dean,M,63,Retail,HN,2022-06-30
939,Kristen Mcclure,F,28,Retail,DN,2022-10-23
940,Joshua Andersen,M,45,Retail,HN,2024-03-25
941,Robert Fisher,M,30,Retail,DN,2024-02-29
942,Melissa Allen,F,68,SME,DN,2020-11-25
943,Samantha Patel,F,35,Retail,HN,2022-05-14
944,Susan James,F,36,Retail,HN,2022-10-21
945,Alexandra Garcia,F,45,SME,HN,2020-10-21
946,Erin Wilson,F,36,Retail,DN,2023-01-27
947,Tony Smith,M,51,SME,HN,2021-01-16
948,John Brown,M,29,Retail,HCM,2025-01-19
949,Corey Schroeder,M,56,Retail,HN,2025-08-26
950,Bailey Pierce DDS,F,37,Retail,HCM,2023-07-04
951,Mary French,F,23,Retail,DN,2025-05-10
952,Amanda Marshall,F,65,Retail,Other,2022-09-07
953,Stephanie Roth,F,23,Retail,HCM,2024-04-04
954,Victoria Spencer,F,55,Retail,HCM,2022-08-04
955,Sarah Johnson,F,40,Retail,DN,2025-06-18
956,Heather Jackson,F,68,Retail,DN,2024-01-13
957,David Jones,M,31,Retail,Other,2023-03-12
958,Jacob Adkins,M,64,SME,Other,2025-01-03
959,Aaron Jordan,M,62,Retail,DN,2024-11-14
960,Gabriel Nolan,M,25,SME,HN,2020-11-20
961,Samuel Hernandez,M,66,Retail,Other,2022-12-16
962,Jacob Mcclain,M,55,Retail,HN,2025-02-03
963,Robert Ochoa,M,64,Retail,DN,2024-04-12
964,Christopher Williams,M,33,SME,HCM,2022-12-19
965,Steven Andersen,M,39,SME,HCM,2024-03-15
966,Mary Campos,F,59,Retail,HN,2022-03-07
967,Heather Perry,F,29,SME,Other,2023-06-09
968,Jeffrey Koch,M,47,VIP,DN,2021-08-07
969,James Harris,M,36,Retail,HCM,2024-08-16
970,Randall Page,M,57,Retail,DN,2024-10-15
971,Robert Jenkins,M,18,Retail,HN,2022-01-11
972,David Lawson,M,32,Retail,Other,2025-06-05
973,Kimberly Stone,F,22,SME,HN,2021-04-27
974,Brandon Hernandez,M,18,SME,HCM,2022-11-09
975,Richard Hubbard,M,57,Retail,HCM,2025-09-12
976,Sonya Moore,F,31,Retail,HCM,2021-11-09
977,Kyle Perkins,M,55,Retail,Other,2022-09-07
978,Victor Cohen,M,31,SME,HN,2021-03-16
979,Meagan Skinner,F,51,Retail,DN,2020-12-26
980,Kevin Brown,M,55,Retail,Other,2021-11-22
981,William Blankenship,M,51,SME,Other,2024-05-25
982,Gina Smith,F,19,Retail,HN,2022-03-15
983,Jennifer Perez,F,64,Retail,HCM,2023-08-14
984,Francis Smith,M,20,SME,HCM,2025-09-04
985,Cindy Bell,F,44,Retail,DN,2020-12-29
986,Don Craig,M,56,Retail,HN,2024-03-27
987,Julie Holmes,F,30,Retail,HN,2021-08-30
988,Jeffery Dean,M,42,Retail,HN,2025-04-16
989,Scott Tran,M,40,SME,HCM,2025-01-09
990,Tiffany Lee,F,53,Retail,Other,2024-04-10
991,Jennifer Olsen,F,49,Retail,HCM,2022-04-20
992,Cassie Fleming,F,63,SME,Other,2020-12-13
993,Timothy Huerta,M,39,Retail,Other,2024-02-11
994,Pedro Kim,M,40,SME,Other,2025-05-01
995,Jose Rogers,M,48,Retail,HCM,2023-03-27
996,Melinda Griffin,F,51,SME,HN,2023-04-05
997,Emily Bryant,F,66,Retail,DN,2022-06-14
998,Bryce Fisher,M,46,Retail,Other,2021-10-21
999,Janice Stephens,F,55,SME,Other,2025-04-22
1000,Kelly Jones,F,25,Retail,HN,2025-04-06
