loan_id,customer_id,disbursement_date,loan_amount,status
1,709,2023-10-16,14592.93,active
2,974,2023-08-01,16580.36,active
3,86,2025-09-05,14339.56,active
4,352,2024-01-10,5047.83,active
5,569,2023-06-28,18309.32,active
6,386,2023-10-24,10392.51,active
7,330,2024-05-14,5521.8,closed
8,511,2024-05-11,10511.83,active
9,341,2024-01-20,11362.45,closed
10,622,2025-03-19,1992.46,active
11,895,2024-01-02,12922.13,active
12,976,2023-05-28,9049.07,active
13,533,2023-11-22,3518.23,active
14,215,2023-09-02,21290.03,closed
15,928,2023-07-28,7646.46,closed
16,607,2025-08-07,5688.62,closed
17,326,2023-06-07,5548.25,default
18,580,2024-03-02,11786.71,active
19,294,2025-07-31,4961.43,active
20,104,2023-03-10,5236.03,closed
21,606,2024-01-17,16376.08,active
22,147,2025-04-14,11551.27,closed
23,504,2024-08-03,3213.68,active
24,766,2025-02-08,3380.01,default
25,981,2024-10-07,4618.53,active
26,423,2025-05-22,16439.75,active
27,604,2023-11-27,11741.4,active
28,940,2024-04-10,7409.26,active
29,419,2025-04-18,12339.44,active
30,114,2024-07-10,15974.07,closed
31,563,2023-08-12,13559.93,active
32,190,2023-06-06,10136.51,active
33,335,2024-06-15,2936.26,active
34,749,2025-08-18,19250.31,active
35,430,2025-10-04,6923.36,active
36,178,2023-03-11,24705.24,active
37,983,2025-03-12,14421.58,closed
38,278,2024-05-09,8903.82,closed
39,101,2023-08-09,14201.75,active
40,805,2022-10-24,10167.68,closed
41,709,2022-11-06,9155.98,active
42,646,2025-05-28,7934.17,default
43,757,2022-11-09,11709.92,active
44,922,2025-05-11,4910.97,closed
45,638,2025-07-26,9735.74,active
46,976,2024-10-08,9041.86,closed
47,265,2025-06-26,10399.15,active
48,535,2023-11-14,6523.05,active
49,753,2024-04-16,13391.05,active
50,482,2024-10-25,11216.02,active
51,984,2024-10-21,5511.18,closed
52,275,2024-06-19,21140.43,closed
53,311,2023-07-11,12827.94,default
54,590,2024-02-18,7434.15,active
55,60,2024-03-20,4980.25,active
56,167,2025-10-04,10235.03,closed
57,233,2022-10-08,7707.74,active
58,988,2025-07-16,10403.42,active
59,975,2024-04-09,8618.78,closed
60,741,2024-08-22,8254.15,active
61,162,2023-10-09,781.29,active
62,96,2023-03-18,7963.44,active
63,356,2023-10-12,18170.35,active
64,407,2023-02-20,5924.31,active
65,402,2022-10-26,11777.4,closed
66,853,2022-10-16,9276.95,closed
67,910,2025-04-12,12451.24,active
68,665,2024-10-03,11012.7,active
69,546,2025-01-01,10164.08,closed
70,909,2024-11-14,13893.43,active
71,730,2024-04-17,12840.37,active
72,674,2023-01-28,9897.81,closed
73,660,2025-03-15,2266.78,closed
74,731,2023-01-03,4310.75,active
75,537,2023-08-16,12641.67,active
76,341,2025-09-22,15577.81,active
77,637,2024-06-26,685.44,active
78,281,2024-01-03,4413.54,closed
79,96,2023-05-28,5865.27,active
80,503,2025-06-02,6374.48,active
81,217,2023-12-31,9018.98,closed
82,422,2025-02-25,12271.93,active
83,717,2023-06-15,4149.6,active
84,160,2024-12-24,13529.07,active
85,859,2025-05-14,6503.65,active
86,52,2023-11-24,10107.68,active
87,733,2023-01-14,15107.39,closed
88,628,2025-04-30,5283.06,active
89,214,2023-03-07,2102.15,active
90,735,2024-08-05,3629.91,active
91,533,2024-01-13,9542.76,active
92,406,2025-06-16,9502.15,active
93,681,2024-12-16,5393.74,closed
94,182,2025-06-24,8960.94,closed
95,255,2023-02-14,15180.29,active
96,256,2024-06-06,4486.18,active
97,213,2023-10-09,5409.88,active
98,265,2024-03-08,15109.22,active
99,555,2024-06-26,15476.4,active
100,975,2024-08-23,2387.39,active
101,939,2024-01-21,15615.24,closed
102,817,2024-08-29,11315.05,active
103,153,2023-05-31,13379.41,default
104,414,2023-07-04,9021.78,active
105,650,2023-09-30,18127.44,active
106,499,2024-11-15,12966.22,active
107,233,2023-10-19,13410.7,active
108,212,2025-07-17,10904.97,active
109,991,2022-12-28,14419.93,active
110,691,2023-07-26,16943.5,active
111,323,2024-03-17,11583.3,active
112,945,2025-07-03,3310.13,active
113,428,2025-05-21,16473.8,closed
114,550,2023-02-21,2290.88,active
115,279,2025-09-09,11221.93,default
116,586,2024-02-12,2094.42,active
117,174,2024-09-04,11257.71,active
118,79,2024-08-04,14265.59,active
119,139,2023-12-13,9518.62,active
120,725,2023-10-17,13287.32,closed
121,763,2023-08-31,9742.68,closed
122,855,2025-08-27,18207.45,active
123,190,2024-11-10,172.26,default
124,307,2023-04-13,7565.9,active
125,550,2023-11-02,16981.85,active
126,316,2024-08-10,10025.39,closed
127,77,2024-11-10,5498.27,closed
128,936,2024-03-03,10651.36,active
129,369,2025-04-11,18491.49,active
130,295,2025-06-03,8966.49,closed
131,285,2023-05-29,7013.11,active
132,170,2023-07-11,9483.52,default
133,260,2024-08-31,12913.12,active
134,617,2024-11-28,15738.11,active
135,472,2024-06-13,10050.96,active
136,24,2023-03-10,7206.21,active
137,992,2024-03-12,6441.25,active
138,374,2025-02-19,250.18,default
139,323,2023-06-11,14323.11,active
140,603,2025-04-28,10230.81,closed
141,555,2022-12-04,2633.42,active
142,770,2024-05-07,3858.56,active
143,698,2023-05-02,12015.12,active
144,291,2025-09-20,5323.0,closed
145,647,2025-08-27,9804.19,active
146,980,2024-03-20,2015.06,default
147,333,2023-05-29,8394.17,default
148,592,2024-08-13,10904.82,active
149,928,2025-08-08,1694.51,closed
150,449,2025-04-24,10580.8,active
151,889,2024-01-29,4123.4,active
152,147,2024-02-20,12470.75,closed
153,187,2023-02-23,16279.18,active
154,794,2023-05-17,13326.3,closed
155,18,2023-12-22,8228.82,closed
156,625,2025-07-28,5089.96,active
157,739,2024-07-05,65.25,closed
158,518,2023-09-13,22524.18,active
159,702,2024-05-22,78.51,active
160,300,2023-01-31,4849.41,active
161,323,2023-11-27,2564.06,active
162,919,2023-09-05,5558.81,active
163,57,2024-11-29,16147.4,active
164,646,2025-09-04,2849.62,closed
165,193,2025-08-21,6767.94,active
166,742,2023-11-29,14360.2,active
167,162,2024-12-31,8131.46,active
168,396,2023-11-20,14719.61,active
169,448,2023-05-19,9948.24,closed
170,1000,2025-03-16,14113.1,active
171,41,2022-11-09,8408.16,active
172,416,2024-02-27,15500.1,active
173,733,2024-08-14,13366.25,active
174,207,2023-01-08,10122.1,closed
175,161,2024-09-15,9645.54,closed
176,676,2024-11-14,12323.57,active
177,7,2025-09-25,12495.99,active
178,548,2024-09-30,795.44,active
179,79,2025-07-12,12599.35,active
180,570,2023-01-03,13153.2,active
181,479,2022-11-26,8325.28,active
182,870,2023-10-26,4809.81,active
183,18,2024-02-04,4164.83,active
184,163,2025-08-12,7150.91,closed
185,235,2024-06-27,3381.49,active
186,84,2023-09-13,7629.95,closed
187,41,2023-11-05,8474.8,active
188,215,2024-07-06,8035.0,active
189,217,2024-07-18,7130.52,closed
190,449,2024-11-18,6827.54,active
191,944,2024-10-02,9819.58,closed
192,477,2025-03-19,18339.29,closed
193,226,2023-07-09,14967.52,closed
194,106,2025-08-05,12948.47,active
195,823,2024-06-15,16230.34,active
196,963,2024-12-31,7146.97,active
197,648,2023-11-26,11070.12,active
198,905,2024-07-20,7477.75,active
199,852,2024-02-28,10635.65,active
200,357,2024-02-24,16288.51,active
201,274,2023-02-09,11337.96,closed
202,445,2022-12-04,9779.45,active
203,88,2024-01-22,6762.33,active
204,75,2025-06-07,12945.15,closed
205,559,2025-03-13,9356.45,active
206,753,2024-07-01,4527.83,active
207,472,2024-10-15,6601.04,active
208,148,2025-05-07,9763.95,active
209,296,2024-12-15,15542.48,closed
210,881,2024-04-22,8364.42,active
211,186,2023-10-26,8717.49,closed
212,688,2025-04-26,2335.43,active
213,981,2023-02-28,13343.05,active
214,492,2023-01-25,6151.92,active
215,860,2024-01-15,16527.26,active
216,978,2023-10-23,18162.45,active
217,160,2024-10-16,15738.58,active
218,63,2023-03-19,13243.94,closed
219,395,2023-11-02,12129.14,active
220,670,2023-02-17,5502.33,closed
221,943,2023-01-17,14197.8,closed
222,296,2024-06-16,8562.51,active
223,976,2023-09-24,12811.76,closed
224,619,2023-09-29,11279.44,default
225,409,2024-04-07,10527.16,active
226,218,2024-01-10,13987.6,active
227,224,2023-04-30,11867.7,active
228,955,2025-01-09,10023.66,closed
229,792,2025-02-20,21378.85,active
230,325,2023-05-31,11375.94,active
231,393,2024-04-07,4877.46,active
232,844,2023-07-09,2805.45,active
233,45,2025-09-25,11774.0,default
234,677,2024-08-27,6346.08,active
235,656,2025-05-16,12244.38,active
236,575,2023-08-19,10093.86,active
237,363,2022-10-13,4654.88,active
238,841,2023-07-02,13733.82,active
239,145,2025-10-01,8757.07,active
240,589,2024-07-12,14207.69,closed
241,622,2024-12-12,13909.52,closed
242,642,2024-12-12,16283.63,active
243,261,2025-06-19,9762.11,closed
244,907,2022-11-20,44.66,active
245,770,2023-05-20,6310.72,active
246,862,2025-04-10,7093.05,active
247,474,2025-05-10,10311.22,closed
248,167,2025-06-04,15466.92,active
249,655,2025-02-22,7736.51,active
250,408,2024-12-02,12920.45,active
251,277,2024-10-10,13317.82,closed
252,436,2025-09-02,11524.34,default
253,250,2024-02-04,2752.41,closed
254,58,2022-10-21,2640.63,active
255,623,2025-09-22,3212.52,closed
256,863,2024-05-18,19219.22,closed
257,697,2023-02-04,18730.53,active
258,794,2023-09-19,11518.21,active
259,53,2025-02-24,5608.89,closed
260,280,2022-11-01,14094.38,closed
261,38,2025-08-02,3928.82,active
262,855,2023-11-15,13465.06,active
263,307,2024-02-19,11085.1,active
264,994,2023-11-13,9383.7,active
265,694,2023-11-30,6925.93,closed
266,273,2025-10-01,3091.6,active
267,186,2024-01-12,5485.46,active
268,738,2023-04-18,15340.91,active
269,954,2023-03-12,5295.45,active
270,244,2025-08-28,3206.92,active
271,591,2025-08-14,18166.06,active
272,428,2024-06-05,18042.01,active
273,79,2024-04-06,6366.72,active
274,740,2023-01-19,10694.33,active
275,742,2023-04-19,12973.75,active
276,125,2024-12-14,5455.73,active
277,367,2023-04-23,13128.46,active
278,252,2023-05-19,11205.4,active
279,569,2025-03-08,12238.47,active
280,820,2025-03-09,7891.12,active
281,936,2022-10-29,11988.72,active
282,593,2022-10-22,4833.92,active
283,901,2022-12-25,10818.68,closed
284,661,2025-07-21,8223.14,active
285,819,2024-07-10,6016.73,active
286,20,2024-05-18,16213.37,active
287,389,2025-09-14,4736.88,active
288,385,2025-05-08,14465.94,active
289,953,2023-08-30,13413.26,closed
290,160,2024-09-28,15035.98,active
291,576,2024-10-24,6123.38,active
292,158,2024-03-26,8549.62,active
293,801,2023-01-09,9307.09,active
294,445,2023-10-08,11810.46,default
295,883,2023-05-07,10507.0,closed
296,548,2022-11-30,3185.33,closed
297,375,2024-12-12,6240.29,active
298,20,2024-07-26,7341.91,active
299,894,2024-05-13,8305.9,active
300,283,2025-09-24,8733.78,active
